product_id,name,name_amharic,description,description_amharic,category,subcategory,price,currency,brand,manufacturer,city,area,delivery_available,delivery_time_days,rating,review_count,stock_status,stock_quantity,weight_kg,dimensions,warranty_months,date_added,last_updated,seller_name,seller_rating,tags
ETP06253,ባህላዊ መጽሐፍ ዩኒቭርሳል,,"Textbooks. Made in Ethiopia with high quality materials. Suitable for personal use. Available in Hawassa, Lake Side. Perfect for dry season. ",,Books,Educational,3200,ETB,EPHI Press,Made in Addis Ababa,Hawassa,Lake Side,No,0,4.0,165,Out of Stock,0,23.55,39x87x45 cm,3,2024-12-04,2025-12-12,Hawassa Store,3.7,"Books,Educational,Hawassa,Ethiopian-made"
ETP04685,Ethiopian Spices Pro,,"Mitmita spice. Made in Ethiopia with high quality materials. Suitable for office use. Available in Addis Ababa, Bole. ",,Food & Beverages,Spices,4400,ETB,Sheba Honey,Made in Ethiopia,Addis Ababa,Bole,No,0,3.6,112,Out of Stock,0,24.5,43x81x8 cm,3,2024-03-13,2025-12-07,Addis Ababa Mart,3.1,"Food & Beverages,Spices,Addis Ababa,Ethiopian-made"
ETP01732,ኢትዮጵያ ጠረጴዛ ስፔሻል,,"Traditional cosmetics. Made in Ethiopia with high quality materials. Suitable for office use. Available in Gondar, Royal City. ",,Health & Beauty,Cosmetics,350,ETB,Sheba Cosmetics,Made in Addis Ababa,Gondar,Royal City,No,0,3.3,4,Out of Stock,0,47.01,22x71x38 cm,6,2024-08-31,2025-12-03,Gondar Mart,4.4,"Health & Beauty,Cosmetics,Gondar,Ethiopian-made"
ETP04743,ማርያም ማሽን ኤስ,ስማርት ቡና,"Traditional furniture. Made in Ethiopia with high quality materials. Suitable for commercial use. Available in Addis Ababa, Bole. Perfect for rainy season. ",ከፍተኛ ጥራት ያለው ኢትዮጵያዊ furniture,Home & Kitchen,Furniture,1000,ETB,Lucy Kitchenware,Made in Dire Dawa,Addis Ababa,Bole,No,0,3.2,95,In Stock,93,14.08,42x57x27 cm,6,2025-04-18,2025-11-27,Addis Ababa Mart,5.0,"Home & Kitchen,Furniture,Addis Ababa,Ethiopian-made"
ETP04522,ባህላዊ ቲቪ ስፔሻል,ብርሃን ሻይ,"Outdoor games. Made in Ethiopia with high quality materials. Suitable for personal use. Available in Addis Ababa, Bole. ",ከፍተኛ ጥራት ያለው ኢትዮጵያዊ outdoor,Sports,Outdoor,13300,ETB,Abebe Bikila Sports,Made in Ethiopia,Addis Ababa,Bole,Yes,4,4.5,132,In Stock,301,20.01,70x70x41 cm,12,2024-10-13,2025-11-26,Addis Ababa Trading,4.2,"Sports,Outdoor,Addis Ababa,Ethiopian-made"
ETP06341,Ethiopian Medicines Pro,,"Over-the-counter medicines. Made in Ethiopia with high quality materials. Suitable for home use. Available in Hawassa, Lake Side. Perfect for rainy season. ",ከፍተኛ ጥራት ያለው ኢትዮጵያዊ medicines,Health & Beauty,Medicines,3000,ETB,Lucy Beauty,Made in Dire Dawa,Hawassa,Lake Side,No,0,5.0,10,Low Stock,124,22.48,85x76x21 cm,3,2024-06-07,2025-12-13,Hawassa Store,5.0,"Health & Beauty,Medicines,Hawassa,Imported"
ETP00577,ብርሃን ሻይ ሊት,,"Skin care products. Made in Ethiopia with high quality materials. Suitable for personal use. Available in Addis Ababa, Merkato. Perfect for holiday season. ",,Health & Beauty,Cosmetics,1100,ETB,Ethio Pharma,Made in Bahir Dar,Addis Ababa,Merkato,No,0,4.1,483,In Stock,596,23.21,40x11x46 cm,6,2024-04-03,2025-12-12,Addis Ababa Trading,4.4,"Health & Beauty,Cosmetics,Addis Ababa,Ethiopian-made"
ETP05203,ስማርት ቡና ዩኒቭርሳል,,"Story books. Made in Ethiopia with high quality materials. Suitable for home use. Available in Jimma, Main Market. ",,Books,Children,1300,ETB,Addis Ababa University Press,Made in Addis Ababa,Jimma,Main Market,No,0,5.0,321,In Stock,43,17.92,25x37x33 cm,6,2024-04-09,2025-11-25,Jimma Shop,3.3,"Books,Children,Jimma,Ethiopian-made"
ETP06364,ማርያም ቡና ሊት,,"Food storage containers. Made in Ethiopia with high quality materials. Suitable for personal use. Available in Dire Dawa, Kezira. Perfect for Ethiopian New Year. ",,Home & Kitchen,Storage,2000,ETB,Jebena Co,Made in Dire Dawa,Dire Dawa,Kezira,Yes,3,4.2,7,In Stock,320,33.38,18x87x8 cm,12,2024-07-16,2025-12-01,Dire Dawa Trading,4.7,"Home & Kitchen,Storage,Dire Dawa,Imported"
ETP00440,Ethiopian Running Premium,ከፍተኛ ማሽን,"Running shoes. Made in Ethiopia with high quality materials. Suitable for home use. Available in Addis Ababa, Piassa. Perfect for dry season. ",ከፍተኛ ጥራት ያለው ኢትዮጵያዊ running,Sports,Running,1800,ETB,Adidas Ethiopia,Made in Bahir Dar,Addis Ababa,Piassa,No,0,4.4,300,Out of Stock,0,28.6,95x28x9 cm,24,2025-01-08,2025-12-08,Addis Ababa Store,3.2,"Sports,Running,Addis Ababa,Imported"
ETP02751,Ethiopian Chargers Standard,ኢትዮጵያ ካሜራ,"Wireless chargers. Made in Ethiopia with high quality materials. Suitable for office use. Available in Addis Ababa, Piassa. Perfect for Ethiopian New Year. ",,Electronics,Chargers,5400,ETB,Hisense Ethiopia,Made in Dire Dawa,Addis Ababa,Piassa,Yes,3,4.2,210,In Stock,747,46.01,37x31x24 cm,0,2024-01-07,2025-11-22,Addis Ababa Enterprises,4.4,"Electronics,Chargers,Addis Ababa,Imported"
ETP07488,ሃይለ ካሜራ ፕሮ,,"Fast chargers. Made in Ethiopia with high quality materials. Suitable for personal use. Available in Harar, Old City. ",,Electronics,Chargers,16900,ETB,TECNO Mobile,Made in Bahir Dar,Harar,Old City,No,0,4.8,251,Low Stock,293,43.84,54x40x47 cm,3,2025-02-20,2025-12-06,Harar Enterprises,4.5,"Electronics,Chargers,Harar,Ethiopian-made"
ETP05273,Ethiopian Outdoor Standard,,"Camping gear. Made in Ethiopia with high quality materials. Suitable for office use. Available in Mekelle, Downtown. ",,Sports,Outdoor,1500,ETB,Nike Ethiopia,Made in Dire Dawa,Mekelle,Downtown,Yes,5,4.6,107,In Stock,340,47.21,39x41x28 cm,24,2024-01-01,2025-12-13,Mekelle Mart,3.5,"Sports,Outdoor,Mekelle,Ethiopian-made"
ETP05654,Ethiopian Spices Elite,ኢትዮጵያ ልብስ,"Traditional spice blends. Made in Ethiopia with high quality materials. Suitable for office use. Available in Mekelle, Downtown. Perfect for rainy season. ",,Food & Beverages,Spices,1200,ETB,Bale Foods,Made in Dire Dawa,Mekelle,Downtown,Yes,5,4.1,244,In Stock,242,29.68,72x84x38 cm,6,2025-01-15,2025-11-21,Mekelle Mart,4.1,"Food & Beverages,Spices,Mekelle,Ethiopian-made"
ETP04000,Ethiopian Bags Premium,ስማርት ቡና,"Traditional baskets. Made in Ethiopia with high quality materials. Suitable for personal use. Available in Gondar, Royal City. Perfect for rainy season. ",,Fashion,Bags,950,ETB,Abyssinian Couture,Made in Ethiopia,Gondar,Royal City,Yes,3,5.0,134,In Stock,284,42.59,71x22x13 cm,0,2024-09-01,2025-12-10,Gondar Store,3.5,"Fashion,Bags,Gondar,Imported"
ETP06034,Ethiopian Children Pro,,"Activity books. Made in Ethiopia with high quality materials. Suitable for home use. Available in Addis Ababa, Megenagna. ",ከፍተኛ ጥራት ያለው ኢትዮጵያዊ children,Books,Children,600,ETB,Mega Publishing,Made in Ethiopia,Addis Ababa,Megenagna,Yes,1,4.1,49,In Stock,379,49.4,45x51x16 cm,24,2024-06-16,2025-11-24,Addis Ababa Mart,3.0,"Books,Children,Addis Ababa,Ethiopian-made"
ETP00583,ማርያም ስልክ ፕሮ,ባህላዊ ስልክ,"Gaming smartphones. Made in Ethiopia with high quality materials. Suitable for office use. Available in Addis Ababa, Megenagna. ",,Electronics,Smartphones,6200,ETB,Haier Ethiopia,Made in Addis Ababa,Addis Ababa,Megenagna,No,0,4.8,477,Low Stock,877,29.12,40x50x7 cm,6,2024-10-01,2025-12-06,Addis Ababa Store,3.9,"Electronics,Smartphones,Addis Ababa,Ethiopian-made"
ETP09931,ኢትዮጵያ ሻይ ፕላስ,,"Football equipment. Made in Ethiopia with high quality materials. Suitable for personal use. Available in Jimma, Main Market. ",,Sports,Football,1400,ETB,Abebe Bikila Sports,Made in Dire Dawa,Jimma,Main Market,No,0,3.2,112,Low Stock,84,42.02,78x66x37 cm,12,2025-10-30,2025-12-04,Jimma Trading,4.9,"Sports,Football,Jimma,Ethiopian-made"
ETP07052,ማርያም ስልክ ሊት,,"Traditional tea. Made in Ethiopia with high quality materials. Suitable for personal use. Available in Addis Ababa, Bole. ",,Food & Beverages,Tea & Coffee,7500,ETB,Awash Coffee,Made in Dire Dawa,Addis Ababa,Bole,No,0,4.4,467,Out of Stock,0,24.21,23x51x29 cm,12,2024-03-26,2025-12-13,Addis Ababa Shop,3.1,"Food & Beverages,Tea & Coffee,Addis Ababa,Imported"
ETP08159,ዘመናዊ ቲቪ ስፔሻል,ባህላዊ ስልክ,"Traditional scarves. Made in Ethiopia with high quality materials. Suitable for commercial use. Available in Addis Ababa, Piassa. ",ከፍተኛ ጥራት ያለው ኢትዮጵያዊ traditional wear,Fashion,Traditional Wear,1600,ETB,Meskel Square Designs,Made in Addis Ababa,Addis Ababa,Piassa,Yes,1,4.5,49,In Stock,611,13.46,57x87x18 cm,0,2025-07-13,2025-12-11,Addis Ababa Store,3.5,"Fashion,Traditional Wear,Addis Ababa,Ethiopian-made"
ETP09897,Ethiopian Accessories Pro,,"Belts and bags. Made in Ethiopia with high quality materials. Suitable for office use. Available in Bahir Dar, City Center. ",,Fashion,Accessories,19900,ETB,Addis Fashion,Made in Ethiopia,Bahir Dar,City Center,Yes,3,4.2,184,In Stock,807,48.76,41x84x48 cm,24,2025-11-12,2025-12-13,Bahir Dar Mart,3.3,"Fashion,Accessories,Bahir Dar,Ethiopian-made"
ETP02250,Ethiopian Cookware Plus,,"Modern cookware. Made in Ethiopia with high quality materials. Suitable for commercial use. Available in Addis Ababa, Bole. ",ከፍተኛ ጥራት ያለው ኢትዮጵያዊ cookware,Home & Kitchen,Cookware,2700,ETB,Addis Home,Made in Addis Ababa,Addis Ababa,Bole,No,0,5.0,129,Low Stock,196,22.35,54x80x6 cm,6,2024-03-31,2025-12-16,Addis Ababa Shop,4.0,"Home & Kitchen,Cookware,Addis Ababa,Imported"
ETP04641,ሃይለ ልብስ ስፔሻል,ባህላዊ ማሽን,"Traditional jewelry. Made in Ethiopia with high quality materials. Suitable for commercial use. Available in Mekelle, Downtown. Perfect for rainy season. ",,Fashion,Accessories,4300,ETB,Ethio Style,Made in Dire Dawa,Mekelle,Downtown,No,0,4.4,406,Out of Stock,0,38.85,66x61x6 cm,3,2025-02-25,2025-11-25,Mekelle Shop,4.2,"Fashion,Accessories,Mekelle,Ethiopian-made"
ETP09486,Ethiopian Dairy Plus,ሰላም ስልክ,"Yogurt. Made in Ethiopia with high quality materials. Suitable for office use. Available in Bahir Dar, City Center. ",ከፍተኛ ጥራት ያለው ኢትዮጵያዊ dairy,Food & Beverages,Dairy,650,ETB,Ethio Tea,Made in Bahir Dar,Bahir Dar,City Center,No,0,3.7,136,Out of Stock,0,42.68,23x16x9 cm,12,2025-02-09,2025-12-07,Bahir Dar Mart,3.7,"Food & Beverages,Dairy,Bahir Dar,Imported"
ETP04948,ብርሃን ቲቪ ማክስ,,"Outdoor games. Made in Ethiopia with high quality materials. Suitable for office use. Available in Addis Ababa, Piassa. ",,Sports,Outdoor,16500,ETB,Abebe Bikila Sports,Made in Addis Ababa,Addis Ababa,Piassa,Yes,3,4.2,71,In Stock,296,0.83,84x63x25 cm,0,2024-03-25,2025-12-02,Addis Ababa Trading,3.5,"Sports,Outdoor,Addis Ababa,Ethiopian-made"
ETP09921,Ethiopian Gym Equipment Premium,,"Home gym equipment. Made in Ethiopia with high quality materials. Suitable for office use. Available in Bahir Dar, City Center. ",ከፍተኛ ጥራት ያለው ኢትዮጵያዊ gym equipment,Sports,Gym Equipment,4700,ETB,Nike Ethiopia,Made in Bahir Dar,Bahir Dar,City Center,No,0,4.2,262,In Stock,135,36.57,83x69x36 cm,24,2025-03-26,2025-12-07,Bahir Dar Trading,4.9,"Sports,Gym Equipment,Bahir Dar,Imported"
ETP01964,ብርሃን ማሽን ኤስ,ባህላዊ ቲቪ,"Running shoes. Made in Ethiopia with high quality materials. Suitable for office use. Available in Mekelle, Downtown. ",ከፍተኛ ጥራት ያለው ኢትዮጵያዊ running,Sports,Running,4400,ETB,Ethiopian Olympics,Made in Bahir Dar,Mekelle,Downtown,No,0,4.9,369,Low Stock,162,15.47,85x37x11 cm,3,2024-05-15,2025-12-14,Mekelle Shop,3.1,"Sports,Running,Mekelle,Imported"
ETP08244,Ethiopian Decor Elite,ባህላዊ ስልክ,"Ethnic textiles. Made in Ethiopia with high quality materials. Suitable for personal use. Available in Addis Ababa, Piassa. ",ከፍተኛ ጥራት ያለው ኢትዮጵያዊ decor,Home & Kitchen,Decor,1800,ETB,Jebena Co,Made in Dire Dawa,Addis Ababa,Piassa,No,0,4.7,463,In Stock,264,3.51,43x11x15 cm,3,2025-06-05,2025-11-25,Addis Ababa Shop,4.4,"Home & Kitchen,Decor,Addis Ababa,Ethiopian-made"
ETP06591,Ethiopian Outdoor Elite,,"Hiking equipment. Made in Ethiopia with high quality materials. Suitable for home use. Available in Addis Ababa, Bole. ",ከፍተኛ ጥራት ያለው ኢትዮጵያዊ outdoor,Sports,Outdoor,5200,ETB,Ethiopian Olympics,Made in Dire Dawa,Addis Ababa,Bole,No,0,3.3,477,In Stock,867,23.31,22x35x26 cm,24,2025-10-21,2025-11-21,Addis Ababa Shop,3.6,"Sports,Outdoor,Addis Ababa,Ethiopian-made"
ETP08848,ኢትዮጵያ ቡና ኤስ,ብርሃን ካሜራ,"Gaming laptops. Made in Ethiopia with high quality materials. Suitable for personal use. Available in Bahir Dar, City Center. Perfect for Ethiopian New Year. ",,Electronics,Laptops,31400,ETB,TECNO Mobile,Made in Addis Ababa,Bahir Dar,City Center,No,0,5.0,365,Out of Stock,0,26.51,58x100x20 cm,3,2025-01-10,2025-11-19,Bahir Dar Store,3.0,"Electronics,Laptops,Bahir Dar,Ethiopian-made"
ETP00322,Ethiopian Religion Pro,ከፍተኛ ላፕቶፕ,"Religious texts. Made in Ethiopia with high quality materials. Suitable for home use. Available in Addis Ababa, Bole. Perfect for Ethiopian New Year. ",,Books,Religion,500,ETB,Birhanena Selam,Made in Ethiopia,Addis Ababa,Bole,Yes,4,4.0,450,In Stock,958,33.42,73x45x28 cm,0,2025-05-28,2025-11-29,Addis Ababa Enterprises,3.2,"Books,Religion,Addis Ababa,Ethiopian-made"
ETP02679,ማርያም መጽሐፍ ስፔሻል,,"Hats and caps. Made in Ethiopia with high quality materials. Suitable for home use. Available in Harar, Old City. ",,Fashion,Accessories,2600,ETB,Ethio Style,Made in Addis Ababa,Harar,Old City,Yes,2,3.9,365,In Stock,867,13.66,97x92x34 cm,6,2025-09-09,2025-11-26,Harar Trading,4.3,"Fashion,Accessories,Harar,Ethiopian-made"
ETP04626,ባህላዊ ጠረጴዛ ኤክስ,ባህላዊ ቲቪ,"Casual wear. Made in Ethiopia with high quality materials. Suitable for office use. Available in Addis Ababa, Bole. ",,Fashion,Modern Clothing,9600,ETB,Lucy Fashion House,Made in Bahir Dar,Addis Ababa,Bole,No,0,4.2,176,Low Stock,92,42.59,27x10x26 cm,3,2024-04-09,2025-12-06,Addis Ababa Enterprises,4.9,"Fashion,Modern Clothing,Addis Ababa,Ethiopian-made"
ETP04950,ሃይለ ቡና ዩኒቭርሳል,ኢትዮጵያ ስልክ,"Modern makeup. Made in Ethiopia with high quality materials. Suitable for personal use. Available in Addis Ababa, Bole. Perfect for rainy season. ",ከፍተኛ ጥራት ያለው ኢትዮጵያዊ cosmetics,Health & Beauty,Cosmetics,7500,ETB,Lucy Beauty,Made in Ethiopia,Addis Ababa,Bole,Yes,4,4.7,278,In Stock,313,4.27,91x48x35 cm,0,2024-01-04,2025-11-24,Addis Ababa Enterprises,3.6,"Health & Beauty,Cosmetics,Addis Ababa,Imported"
ETP08329,ብርሃን ሻይ ሊት,ባህላዊ ማሽን,"Berbere spice. Made in Ethiopia with high quality materials. Suitable for office use. Available in Gondar, Royal City. ",ከፍተኛ ጥራት ያለው ኢትዮጵያዊ spices,Food & Beverages,Spices,700,ETB,Addis Pasta,Made in Addis Ababa,Gondar,Royal City,No,0,4.0,356,Out of Stock,0,0.92,87x68x15 cm,24,2025-09-08,2025-12-12,Gondar Mart,4.9,"Food & Beverages,Spices,Gondar,Ethiopian-made"
ETP03338,ባህላዊ ቲቪ ኤክስ,,"Home organization. Made in Ethiopia with high quality materials. Suitable for commercial use. Available in Addis Ababa, Merkato. Perfect for dry season. ",,Home & Kitchen,Storage,31200,ETB,Jebena Co,Made in Dire Dawa,Addis Ababa,Merkato,No,0,5.0,112,Low Stock,536,9.6,29x24x10 cm,0,2025-01-28,2025-12-02,Addis Ababa Mart,3.7,"Home & Kitchen,Storage,Addis Ababa,Ethiopian-made"
ETP05590,ማርያም ቲቪ ፕሮ,ስማርት ቡና,"Traditional scarves. Made in Ethiopia with high quality materials. Suitable for home use. Available in Adama, Bishoftu Road. ",,Fashion,Traditional Wear,16600,ETB,Lucy Fashion House,Made in Ethiopia,Adama,Bishoftu Road,Yes,6,4.4,359,In Stock,493,10.85,60x80x36 cm,0,2024-05-20,2025-11-27,Adama Shop,4.6,"Fashion,Traditional Wear,Adama,Ethiopian-made"
ETP00252,ስማርት ስልክ ኤስ,ሰላም ሻይ,"Running shoes. Made in Ethiopia with high quality materials. Suitable for commercial use. Available in Dire Dawa, Kezira. Perfect for holiday season. ",,Sports,Running,900,ETB,Nike Ethiopia,Made in Ethiopia,Dire Dawa,Kezira,Yes,5,4.1,22,In Stock,108,36.6,71x93x17 cm,3,2025-08-29,2025-11-19,Dire Dawa Trading,4.4,"Sports,Running,Dire Dawa,Imported"
ETP03974,ሰላም ሻይ ስፔሻል,,"Oral care. Made in Ethiopia with high quality materials. Suitable for office use. Available in Gondar, Royal City. Perfect for dry season. ",ከፍተኛ ጥራት ያለው ኢትዮጵያዊ personal care,Health & Beauty,Personal Care,13800,ETB,Lucy Beauty,Made in Bahir Dar,Gondar,Royal City,No,0,4.7,380,In Stock,558,18.93,52x72x5 cm,24,2024-10-09,2025-12-06,Gondar Mart,3.8,"Health & Beauty,Personal Care,Gondar,Ethiopian-made"
ETP06631,ብርሃን ላፕቶፕ ፕሮ,ዘመናዊ ሻይ,"Vitamin supplements. Made in Ethiopia with high quality materials. Suitable for home use. Available in Bahir Dar, City Center. ",ከፍተኛ ጥራት ያለው ኢትዮጵያዊ supplements,Health & Beauty,Supplements,6200,ETB,Ethio Pharma,Made in Addis Ababa,Bahir Dar,City Center,No,0,4.2,412,In Stock,34,20.61,63x42x34 cm,0,2024-12-21,2025-12-02,Bahir Dar Trading,4.6,"Health & Beauty,Supplements,Bahir Dar,Ethiopian-made"
ETP05548,Ethiopian Cosmetics Pro,ስማርት ቡና,"Traditional cosmetics. Made in Ethiopia with high quality materials. Suitable for personal use. Available in Gondar, Royal City. ",,Health & Beauty,Cosmetics,600,ETB,Sheba Cosmetics,Made in Bahir Dar,Gondar,Royal City,No,0,3.7,375,Out of Stock,0,8.65,84x78x49 cm,24,2025-07-04,2025-12-14,Gondar Trading,3.7,"Health & Beauty,Cosmetics,Gondar,Ethiopian-made"
ETP00036,ኢትዮጵያ ካሜራ ኤስ,,"Ethiopian history books. Made in Ethiopia with high quality materials. Suitable for personal use. Available in Bahir Dar, City Center. ",ከፍተኛ ጥራት ያለው ኢትዮጵያዊ history,Books,History,200,ETB,Ethiopian Publishers,Made in Ethiopia,Bahir Dar,City Center,No,0,4.7,311,Low Stock,925,32.11,47x46x29 cm,24,2024-02-13,2025-12-06,Bahir Dar Enterprises,4.7,"Books,History,Bahir Dar,Ethiopian-made"
ETP08363,Ethiopian Outdoor Plus,ማርያም ቡና,"Outdoor games. Made in Ethiopia with high quality materials. Suitable for home use. Available in Jijiga, Regional Center. ",ከፍተኛ ጥራት ያለው ኢትዮጵያዊ outdoor,Sports,Outdoor,1500,ETB,Ethiopian Olympics,Made in Bahir Dar,Jijiga,Regional Center,Yes,1,4.9,442,In Stock,776,30.81,14x12x43 cm,0,2024-07-26,2025-12-10,Jijiga Shop,3.0,"Sports,Outdoor,Jijiga,Ethiopian-made"
ETP01514,Ethiopian Football Plus,,"Team jerseys. Made in Ethiopia with high quality materials. Suitable for office use. Available in Bahir Dar, City Center. ",ከፍተኛ ጥራት ያለው ኢትዮጵያዊ football,Sports,Football,700,ETB,Adidas Ethiopia,Made in Ethiopia,Bahir Dar,City Center,Yes,7,4.4,94,In Stock,575,19.94,92x85x26 cm,24,2025-01-02,2025-11-17,Bahir Dar Store,3.9,"Sports,Football,Bahir Dar,Ethiopian-made"
ETP09318,ባህላዊ ቡና ሊት,ማርያም ልብስ,"Budget-friendly mobile phones. Made in Ethiopia with high quality materials. Suitable for office use. Available in Hawassa, Lake Side. ",ከፍተኛ ጥራት ያለው ኢትዮጵያዊ smartphones,Electronics,Smartphones,13000,ETB,Hisense Ethiopia,Made in Addis Ababa,Hawassa,Lake Side,Yes,5,4.1,347,In Stock,266,47.02,51x84x36 cm,24,2025-06-21,2025-11-30,Hawassa Store,3.1,"Electronics,Smartphones,Hawassa,Ethiopian-made"
ETP00040,ኢትዮጵያ ማሽን ዩኒቭርሳል,ማርያም ላፕቶፕ,"Habesha kemis. Made in Ethiopia with high quality materials. Suitable for office use. Available in Bahir Dar, City Center. ",,Fashion,Traditional Wear,4300,ETB,Ethio Style,Made in Bahir Dar,Bahir Dar,City Center,Yes,6,4.6,305,In Stock,26,33.56,19x69x32 cm,24,2024-12-29,2025-12-13,Bahir Dar Shop,4.1,"Fashion,Traditional Wear,Bahir Dar,Imported"
ETP04820,ሰላም ልብስ ማክስ,,"Ethnic textiles. Made in Ethiopia with high quality materials. Suitable for office use. Available in Addis Ababa, Bole. ",,Home & Kitchen,Decor,26500,ETB,Addis Home,Made in Dire Dawa,Addis Ababa,Bole,Yes,2,5.0,24,In Stock,348,29.9,68x64x36 cm,0,2025-03-24,2025-12-10,Addis Ababa Mart,3.4,"Home & Kitchen,Decor,Addis Ababa,Ethiopian-made"
ETP03466,Ethiopian Furniture Plus,ከፍተኛ ስልክ,"Office furniture. Made in Ethiopia with high quality materials. Suitable for home use. Available in Addis Ababa, Megenagna. ",,Home & Kitchen,Furniture,16400,ETB,Lucy Kitchenware,Made in Ethiopia,Addis Ababa,Megenagna,Yes,2,3.7,441,In Stock,53,29.64,18x70x5 cm,0,2024-04-10,2025-11-21,Addis Ababa Enterprises,3.8,"Home & Kitchen,Furniture,Addis Ababa,Ethiopian-made"
ETP01761,ብርሃን ቡና ኤስ,ማርያም ልብስ,"Traditional pasta. Made in Ethiopia with high quality materials. Suitable for personal use. Available in Addis Ababa, Bole. ",ከፍተኛ ጥራት ያለው ኢትዮጵያዊ pasta & grains,Food & Beverages,Pasta & Grains,350,ETB,Tana Products,Made in Ethiopia,Addis Ababa,Bole,No,0,4.2,143,Out of Stock,0,23.05,96x36x49 cm,24,2025-06-29,2025-11-21,Addis Ababa Shop,3.5,"Food & Beverages,Pasta & Grains,Addis Ababa,Ethiopian-made"
ETP02305,ስማርት ሻይ ፕሮ,ባህላዊ ማሽን,"Berbere spice. Made in Ethiopia with high quality materials. Suitable for commercial use. Available in Bahir Dar, City Center. ",,Food & Beverages,Spices,4100,ETB,Green Farms,Made in Dire Dawa,Bahir Dar,City Center,Yes,2,3.8,202,In Stock,887,31.58,66x92x44 cm,0,2024-06-08,2025-12-05,Bahir Dar Mart,4.7,"Food & Beverages,Spices,Bahir Dar,Ethiopian-made"
ETP03724,ከፍተኛ ቡና ኤክስ,,"Traditional dried meat. Made in Ethiopia with high quality materials. Suitable for personal use. Available in Addis Ababa, Merkato. ",,Food & Beverages,Meat Products,6700,ETB,Green Farms,Made in Dire Dawa,Addis Ababa,Merkato,No,0,4.6,472,In Stock,539,40.14,69x68x17 cm,6,2025-01-11,2025-11-30,Addis Ababa Mart,3.8,"Food & Beverages,Meat Products,Addis Ababa,Ethiopian-made"
ETP08285,ኢትዮጵያ ስልክ ኤስ,ባህላዊ ላፕቶፕ,"Traditional cosmetics. Made in Ethiopia with high quality materials. Suitable for personal use. Available in Addis Ababa, Megenagna. Perfect for Ethiopian New Year. ",,Health & Beauty,Cosmetics,5400,ETB,Lucy Beauty,Made in Addis Ababa,Addis Ababa,Megenagna,Yes,5,5.0,184,In Stock,469,22.72,72x67x10 cm,3,2025-04-26,2025-12-02,Addis Ababa Store,4.7,"Health & Beauty,Cosmetics,Addis Ababa,Ethiopian-made"
ETP04994,ከፍተኛ መጽሐፍ ኤስ,ማርያም ቲቪ,"Weights. Made in Ethiopia with high quality materials. Suitable for commercial use. Available in Jijiga, Regional Center. ",ከፍተኛ ጥራት ያለው ኢትዮጵያዊ gym equipment,Sports,Gym Equipment,500,ETB,Adidas Ethiopia,Made in Dire Dawa,Jijiga,Regional Center,Yes,5,3.5,73,In Stock,114,5.03,49x67x27 cm,0,2025-02-27,2025-11-22,Jijiga Mart,4.2,"Sports,Gym Equipment,Jijiga,Imported"
ETP08128,ማርያም ስልክ ኤስ,ከፍተኛ ልብስ,"Training gear. Made in Ethiopia with high quality materials. Suitable for commercial use. Available in Gondar, Royal City. ",ከፍተኛ ጥራት ያለው ኢትዮጵያዊ football,Sports,Football,2400,ETB,Nike Ethiopia,Made in Addis Ababa,Gondar,Royal City,No,0,5.0,468,Out of Stock,0,5.84,60x35x40 cm,24,2025-08-09,2025-12-15,Gondar Enterprises,3.2,"Sports,Football,Gondar,Imported"
ETP03033,ብርሃን ሻይ ዩኒቭርሳል,,"Modern home decor. Made in Ethiopia with high quality materials. Suitable for commercial use. Available in Addis Ababa, Bole. Perfect for holiday season. ",,Home & Kitchen,Decor,5500,ETB,Habesha Decor,Made in Ethiopia,Addis Ababa,Bole,Yes,6,3.4,454,In Stock,535,37.33,73x20x28 cm,24,2024-09-06,2025-11-20,Addis Ababa Store,4.7,"Home & Kitchen,Decor,Addis Ababa,Imported"
ETP07939,Ethiopian Meat Products Premium,ከፍተኛ ላፕቶፕ,"Traditional dried meat. Made in Ethiopia with high quality materials. Suitable for personal use. Available in Adama, Bishoftu Road. ",ከፍተኛ ጥራት ያለው ኢትዮጵያዊ meat products,Food & Beverages,Meat Products,100,ETB,Addis Pasta,Made in Addis Ababa,Adama,Bishoftu Road,No,0,4.3,203,Low Stock,505,8.14,41x97x19 cm,24,2024-08-27,2025-12-10,Adama Mart,4.6,"Food & Beverages,Meat Products,Adama,Ethiopian-made"
ETP03040,ባህላዊ ቡና ኤስ,ኢትዮጵያ ጠረጴዛ,"Ethiopian history books. Made in Ethiopia with high quality materials. Suitable for personal use. Available in Hawassa, Lake Side. ",,Books,History,4700,ETB,EPHI Press,Made in Ethiopia,Hawassa,Lake Side,Yes,7,3.5,422,In Stock,993,44.64,56x27x20 cm,6,2025-09-03,2025-11-27,Hawassa Trading,4.4,"Books,History,Hawassa,Ethiopian-made"
ETP09656,ኢትዮጵያ መጽሐፍ ኤስ,ሃይለ መጽሐፍ,"Textbooks. Made in Ethiopia with high quality materials. Suitable for office use. Available in Addis Ababa, Bole. ",,Books,Educational,2500,ETB,EPHI Press,Made in Bahir Dar,Addis Ababa,Bole,Yes,7,5.0,155,In Stock,295,49.25,79x79x17 cm,3,2025-07-23,2025-11-22,Addis Ababa Enterprises,4.9,"Books,Educational,Addis Ababa,Ethiopian-made"
ETP02546,ሰላም ካሜራ ስፔሻል,ስማርት ጠረጴዛ,"Traditional clay pots. Made in Ethiopia with high quality materials. Suitable for personal use. Available in Addis Ababa, Piassa. ",,Home & Kitchen,Cookware,8700,ETB,Addis Home,Made in Bahir Dar,Addis Ababa,Piassa,No,0,3.2,118,In Stock,497,23.35,41x35x35 cm,3,2025-02-07,2025-12-01,Addis Ababa Enterprises,4.3,"Home & Kitchen,Cookware,Addis Ababa,Imported"
ETP02593,Ethiopian Gym Equipment Pro,ዘመናዊ ማሽን,"Exercise machines. Made in Ethiopia with high quality materials. Suitable for commercial use. Available in Bahir Dar, City Center. Perfect for holiday season. ",ከፍተኛ ጥራት ያለው ኢትዮጵያዊ gym equipment,Sports,Gym Equipment,10600,ETB,Nike Ethiopia,Made in Dire Dawa,Bahir Dar,City Center,Yes,2,4.3,369,In Stock,313,31.86,43x81x43 cm,12,2025-02-25,2025-12-04,Bahir Dar Trading,3.1,"Sports,Gym Equipment,Bahir Dar,Ethiopian-made"
ETP01189,ከፍተኛ ካሜራ ኤክስ,ዘመናዊ ላፕቶፕ,"Training equipment. Made in Ethiopia with high quality materials. Suitable for home use. Available in Addis Ababa, Bole. ",,Sports,Running,600,ETB,Nike Ethiopia,Made in Dire Dawa,Addis Ababa,Bole,No,0,3.4,467,Low Stock,627,45.45,63x48x25 cm,6,2025-08-25,2025-11-30,Addis Ababa Store,4.9,"Sports,Running,Addis Ababa,Ethiopian-made"
ETP07967,ብርሃን ሻይ ስፔሻል,,"Protein supplements. Made in Ethiopia with high quality materials. Suitable for personal use. Available in Harar, Old City. ",ከፍተኛ ጥራት ያለው ኢትዮጵያዊ supplements,Health & Beauty,Supplements,250,ETB,Ethio Pharma,Made in Ethiopia,Harar,Old City,No,0,5.0,363,Out of Stock,0,15.22,25x27x17 cm,6,2025-03-15,2025-12-08,Harar Shop,4.1,"Health & Beauty,Supplements,Harar,Ethiopian-made"
ETP06078,ከፍተኛ ሻይ ኤስ,,"Training gear. Made in Ethiopia with high quality materials. Suitable for home use. Available in Addis Ababa, Bole. Perfect for holiday season. ",,Sports,Football,1600,ETB,Abebe Bikila Sports,Made in Bahir Dar,Addis Ababa,Bole,No,0,4.3,483,In Stock,666,22.49,26x27x16 cm,24,2024-11-25,2025-11-22,Addis Ababa Enterprises,4.7,"Sports,Football,Addis Ababa,Ethiopian-made"
ETP00108,ስማርት መጽሐፍ ዩኒቭርሳል,ስማርት ስልክ,"Health supplements. Made in Ethiopia with high quality materials. Suitable for home use. Available in Adama, Bishoftu Road. ",ከፍተኛ ጥራት ያለው ኢትዮጵያዊ medicines,Health & Beauty,Medicines,400,ETB,Lucy Beauty,Made in Ethiopia,Adama,Bishoftu Road,Yes,6,4.2,18,In Stock,319,9.97,90x88x16 cm,3,2025-02-05,2025-12-05,Adama Enterprises,4.5,"Health & Beauty,Medicines,Adama,Ethiopian-made"
ETP01316,ከፍተኛ ካሜራ ፕላስ,ባህላዊ ልብስ,"Traditional scarves. Made in Ethiopia with high quality materials. Suitable for personal use. Available in Addis Ababa, Megenagna. ",,Fashion,Traditional Wear,550,ETB,Habesha Wear,Made in Bahir Dar,Addis Ababa,Megenagna,No,0,3.7,293,Out of Stock,0,25.15,50x61x37 cm,24,2024-03-04,2025-12-05,Addis Ababa Shop,4.7,"Fashion,Traditional Wear,Addis Ababa,Ethiopian-made"
ETP08188,ሃይለ መጽሐፍ ኤስ,ማርያም ላፕቶፕ,"Office furniture. Made in Ethiopia with high quality materials. Suitable for home use. Available in Gondar, Royal City. ",,Home & Kitchen,Furniture,6300,ETB,Addis Home,Made in Dire Dawa,Gondar,Royal City,No,0,4.7,73,Out of Stock,0,31.43,37x15x20 cm,24,2024-05-09,2025-12-05,Gondar Enterprises,3.9,"Home & Kitchen,Furniture,Gondar,Ethiopian-made"
ETP02754,Ethiopian Headphones Standard,,"Noise-cancelling headphones. Made in Ethiopia with high quality materials. Suitable for personal use. Available in Hawassa, Lake Side. ",ከፍተኛ ጥራት ያለው ኢትዮጵያዊ headphones,Electronics,Headphones,60500,ETB,Hisense Ethiopia,Made in Dire Dawa,Hawassa,Lake Side,No,0,5.0,179,In Stock,3,7.55,98x11x41 cm,6,2025-03-07,2025-12-05,Hawassa Mart,4.4,"Electronics,Headphones,Hawassa,Imported"
ETP09754,ከፍተኛ ልብስ ማክስ,ሃይለ ልብስ,"Story books. Made in Ethiopia with high quality materials. Suitable for home use. Available in Hawassa, Lake Side. ",ከፍተኛ ጥራት ያለው ኢትዮጵያዊ children,Books,Children,200,ETB,EPHI Press,Made in Ethiopia,Hawassa,Lake Side,Yes,3,4.2,292,In Stock,119,46.86,38x35x24 cm,3,2025-06-01,2025-12-14,Hawassa Store,3.6,"Books,Children,Hawassa,Ethiopian-made"
ETP06232,ከፍተኛ ሻይ ኤክስ,ሰላም ጠረጴዛ,"Smart TVs. Made in Ethiopia with high quality materials. Suitable for office use. Available in Addis Ababa, Megenagna. ",,Electronics,TVs,30600,ETB,TECNO Mobile,Made in Ethiopia,Addis Ababa,Megenagna,No,0,4.1,346,Out of Stock,0,16.28,32x16x30 cm,24,2025-02-12,2025-12-07,Addis Ababa Trading,3.3,"Electronics,TVs,Addis Ababa,Ethiopian-made"
ETP02877,ሃይለ ሻይ ዩኒቭርሳል,,"Traditional baskets. Made in Ethiopia with high quality materials. Suitable for commercial use. Available in Addis Ababa, Merkato. ",ከፍተኛ ጥራት ያለው ኢትዮጵያዊ bags,Fashion,Bags,1200,ETB,Meskel Square Designs,Made in Bahir Dar,Addis Ababa,Merkato,No,0,2.9,407,In Stock,615,1.09,20x61x31 cm,12,2025-11-30,2025-12-16,Addis Ababa Mart,4.2,"Fashion,Bags,Addis Ababa,Imported"
ETP05324,Ethiopian Storage Premium,ሃይለ ጠረጴዛ,"Clothing storage. Made in Ethiopia with high quality materials. Suitable for commercial use. Available in Addis Ababa, Merkato. ",ከፍተኛ ጥራት ያለው ኢትዮጵያዊ storage,Home & Kitchen,Storage,5500,ETB,Meskel Furnishings,Made in Addis Ababa,Addis Ababa,Merkato,No,0,4.4,253,Out of Stock,0,20.46,59x78x41 cm,0,2025-03-02,2025-12-14,Addis Ababa Enterprises,4.7,"Home & Kitchen,Storage,Addis Ababa,Ethiopian-made"
ETP00800,ብርሃን ቲቪ ፕሮ,,"Training gear. Made in Ethiopia with high quality materials. Suitable for personal use. Available in Addis Ababa, Megenagna. ",ከፍተኛ ጥራት ያለው ኢትዮጵያዊ football,Sports,Football,1500,ETB,Nike Ethiopia,Made in Ethiopia,Addis Ababa,Megenagna,Yes,1,4.3,282,In Stock,184,31.43,49x87x38 cm,0,2024-10-07,2025-12-12,Addis Ababa Mart,3.2,"Sports,Football,Addis Ababa,Ethiopian-made"
ETP03571,Ethiopian Fiction Plus,,"Children's books. Made in Ethiopia with high quality materials. Suitable for office use. Available in Addis Ababa, Piassa. ",,Books,Fiction,2900,ETB,Mega Publishing,Made in Ethiopia,Addis Ababa,Piassa,No,0,4.8,463,Low Stock,99,20.05,35x85x34 cm,24,2025-04-22,2025-12-08,Addis Ababa Shop,5.0,"Books,Fiction,Addis Ababa,Ethiopian-made"
ETP02895,ስማርት ላፕቶፕ ኤስ,ከፍተኛ ሻይ,"Traditional jewelry. Made in Ethiopia with high quality materials. Suitable for personal use. Available in Gondar, Royal City. Perfect for holiday season. ",,Fashion,Accessories,3100,ETB,Addis Fashion,Made in Ethiopia,Gondar,Royal City,No,0,4.6,110,Out of Stock,0,7.69,31x56x42 cm,6,2025-01-21,2025-12-04,Gondar Mart,3.2,"Fashion,Accessories,Gondar,Ethiopian-made"
ETP02928,ስማርት ቡና ዩኒቭርሳል,ሰላም ላፕቶፕ,"Running shoes. Made in Ethiopia with high quality materials. Suitable for personal use. Available in Addis Ababa, Merkato. ",ከፍተኛ ጥራት ያለው ኢትዮጵያዊ running,Sports,Running,24000,ETB,Adidas Ethiopia,Made in Bahir Dar,Addis Ababa,Merkato,No,0,4.6,217,Low Stock,510,14.79,63x41x10 cm,12,2024-06-24,2025-11-27,Addis Ababa Enterprises,4.1,"Sports,Running,Addis Ababa,Ethiopian-made"
ETP08179,ኢትዮጵያ ቲቪ ኤክስ,,"Business laptops. Made in Ethiopia with high quality materials. Suitable for commercial use. Available in Addis Ababa, Megenagna. ",,Electronics,Laptops,5500,ETB,LG Ethiopia,Made in Ethiopia,Addis Ababa,Megenagna,No,0,4.6,1,In Stock,475,18.23,40x20x20 cm,12,2025-10-20,2025-12-04,Addis Ababa Store,3.3,"Electronics,Laptops,Addis Ababa,Imported"
ETP00972,ኢትዮጵያ ቡና ፕሮ,ባህላዊ መጽሐፍ,"Hair care products. Made in Ethiopia with high quality materials. Suitable for home use. Available in Jijiga, Regional Center. ",ከፍተኛ ጥራት ያለው ኢትዮጵያዊ personal care,Health & Beauty,Personal Care,200,ETB,Ethio Pharma,Made in Bahir Dar,Jijiga,Regional Center,No,0,4.6,325,Out of Stock,0,39.97,27x82x43 cm,6,2025-09-01,2025-11-27,Jijiga Trading,4.2,"Health & Beauty,Personal Care,Jijiga,Imported"
ETP06688,Ethiopian Football Premium,ኢትዮጵያ ሻይ,"Team jerseys. Made in Ethiopia with high quality materials. Suitable for commercial use. Available in Bahir Dar, City Center. ",,Sports,Football,700,ETB,Adidas Ethiopia,Made in Bahir Dar,Bahir Dar,City Center,No,0,4.6,439,In Stock,703,8.05,51x21x36 cm,6,2024-06-12,2025-12-01,Bahir Dar Store,4.4,"Sports,Football,Bahir Dar,Ethiopian-made"
ETP08576,ኢትዮጵያ ጠረጴዛ ኤክስ,ኢትዮጵያ ሻይ,"Sports shoes. Made in Ethiopia with high quality materials. Suitable for personal use. Available in Gondar, Royal City. ",,Fashion,Shoes,10200,ETB,Habesha Wear,Made in Dire Dawa,Gondar,Royal City,No,0,4.6,290,In Stock,292,13.96,79x90x5 cm,6,2024-04-30,2025-12-12,Gondar Store,3.2,"Fashion,Shoes,Gondar,Ethiopian-made"
ETP02021,Ethiopian Cameras Standard,ማርያም ሻይ,"Mirrorless cameras. Made in Ethiopia with high quality materials. Suitable for personal use. Available in Jijiga, Regional Center. ",,Electronics,Cameras,61100,ETB,LG Ethiopia,Made in Bahir Dar,Jijiga,Regional Center,Yes,2,5.0,269,In Stock,904,5.25,90x56x32 cm,0,2025-02-12,2025-12-15,Jijiga Enterprises,4.2,"Electronics,Cameras,Jijiga,Imported"
ETP09055,ሰላም ሻይ ሊት,,"Ethiopian history books. Made in Ethiopia with high quality materials. Suitable for office use. Available in Adama, Bishoftu Road. Perfect for rainy season. ",,Books,History,900,ETB,Kuraz Books,Made in Bahir Dar,Adama,Bishoftu Road,Yes,5,4.2,191,In Stock,347,23.63,49x99x48 cm,3,2024-04-03,2025-12-03,Adama Enterprises,3.5,"Books,History,Adama,Ethiopian-made"
ETP00953,Ethiopian Headphones Pro,ኢትዮጵያ ጠረጴዛ,"Gaming headsets. Made in Ethiopia with high quality materials. Suitable for personal use. Available in Addis Ababa, Megenagna. Perfect for Ethiopian New Year. ",,Electronics,Headphones,60500,ETB,Samsung Ethiopia,Made in Dire Dawa,Addis Ababa,Megenagna,Yes,1,4.5,474,In Stock,199,29.91,62x68x11 cm,0,2025-11-12,2025-11-29,Addis Ababa Trading,4.1,"Electronics,Headphones,Addis Ababa,Ethiopian-made"
ETP05360,ማርያም ላፕቶፕ ሊት,ሰላም መጽሐፍ,"Washing machines. Made in Ethiopia with high quality materials. Suitable for commercial use. Available in Addis Ababa, Bole. ",ከፍተኛ ጥራት ያለው ኢትዮጵያዊ appliances,Home & Kitchen,Appliances,35800,ETB,Awash Furniture,Made in Ethiopia,Addis Ababa,Bole,No,0,4.6,490,Low Stock,611,26.85,85x74x7 cm,24,2024-09-17,2025-12-08,Addis Ababa Mart,3.8,"Home & Kitchen,Appliances,Addis Ababa,Ethiopian-made"
ETP03858,ማርያም ጠረጴዛ ፕላስ,ማርያም ልብስ,"Clothing storage. Made in Ethiopia with high quality materials. Suitable for office use. Available in Addis Ababa, Piassa. ",ከፍተኛ ጥራት ያለው ኢትዮጵያዊ storage,Home & Kitchen,Storage,9600,ETB,Meskel Furnishings,Made in Addis Ababa,Addis Ababa,Piassa,Yes,1,3.4,71,In Stock,27,37.39,17x52x22 cm,3,2025-06-14,2025-12-01,Addis Ababa Enterprises,3.0,"Home & Kitchen,Storage,Addis Ababa,Ethiopian-made"
ETP05862,ባህላዊ ማሽን ሊት,,"Football equipment. Made in Ethiopia with high quality materials. Suitable for office use. Available in Jijiga, Regional Center. ",,Sports,Football,1400,ETB,Adidas Ethiopia,Made in Ethiopia,Jijiga,Regional Center,Yes,2,3.1,181,In Stock,336,41.57,42x48x48 cm,6,2024-09-22,2025-11-28,Jijiga Store,4.1,"Sports,Football,Jijiga,Ethiopian-made"
ETP03146,ኢትዮጵያ ካሜራ ፕላስ,ብርሃን ጠረጴዛ,"Team jerseys. Made in Ethiopia with high quality materials. Suitable for office use. Available in Hawassa, Lake Side. Perfect for holiday season. ",ከፍተኛ ጥራት ያለው ኢትዮጵያዊ football,Sports,Football,10100,ETB,Adidas Ethiopia,Made in Addis Ababa,Hawassa,Lake Side,Yes,1,3.2,485,In Stock,289,17.26,11x81x40 cm,24,2024-04-02,2025-12-02,Hawassa Store,3.7,"Sports,Football,Hawassa,Ethiopian-made"
ETP03306,Ethiopian Gym Equipment Pro,ማርያም ሻይ,"Exercise machines. Made in Ethiopia with high quality materials. Suitable for home use. Available in Bahir Dar, City Center. ",,Sports,Gym Equipment,16100,ETB,Abebe Bikila Sports,Made in Addis Ababa,Bahir Dar,City Center,No,0,3.2,321,Low Stock,467,27.17,70x80x9 cm,0,2024-11-15,2025-11-18,Bahir Dar Shop,4.1,"Sports,Gym Equipment,Bahir Dar,Ethiopian-made"
ETP03007,Ethiopian Cosmetics Plus,ሰላም መጽሐፍ,"Modern makeup. Made in Ethiopia with high quality materials. Suitable for office use. Available in Addis Ababa, Bole. ",ከፍተኛ ጥራት ያለው ኢትዮጵያዊ cosmetics,Health & Beauty,Cosmetics,400,ETB,Lucy Beauty,Made in Dire Dawa,Addis Ababa,Bole,Yes,1,3.4,263,In Stock,262,12.68,43x34x12 cm,0,2025-06-11,2025-12-13,Addis Ababa Trading,3.1,"Health & Beauty,Cosmetics,Addis Ababa,Ethiopian-made"
ETP09002,ዘመናዊ ቡና ፕላስ,ሰላም ሻይ,"Refrigerators. Made in Ethiopia with high quality materials. Suitable for office use. Available in Mekelle, Downtown. ",ከፍተኛ ጥራት ያለው ኢትዮጵያዊ appliances,Home & Kitchen,Appliances,15200,ETB,Meskel Furnishings,Made in Bahir Dar,Mekelle,Downtown,Yes,2,3.8,26,In Stock,811,48.38,23x34x8 cm,0,2025-02-17,2025-11-22,Mekelle Trading,3.4,"Home & Kitchen,Appliances,Mekelle,Imported"
ETP07771,Ethiopian Outdoor Premium,,"Camping gear. Made in Ethiopia with high quality materials. Suitable for commercial use. Available in Dire Dawa, Kezira. ",ከፍተኛ ጥራት ያለው ኢትዮጵያዊ outdoor,Sports,Outdoor,1200,ETB,Ethiopian Olympics,Made in Bahir Dar,Dire Dawa,Kezira,No,0,4.6,369,Out of Stock,0,12.98,39x42x48 cm,6,2025-03-15,2025-11-18,Dire Dawa Mart,4.4,"Sports,Outdoor,Dire Dawa,Imported"
ETP07439,Ethiopian Outdoor Elite,ኢትዮጵያ ጠረጴዛ,"Hiking equipment. Made in Ethiopia with high quality materials. Suitable for office use. Available in Jimma, Main Market. ",,Sports,Outdoor,7100,ETB,Nike Ethiopia,Made in Ethiopia,Jimma,Main Market,Yes,3,4.6,490,In Stock,786,30.12,87x16x12 cm,24,2025-08-07,2025-12-14,Jimma Trading,3.9,"Sports,Outdoor,Jimma,Ethiopian-made"
ETP07943,ኢትዮጵያ ቡና ስፔሻል,ከፍተኛ ሻይ,"Office furniture. Made in Ethiopia with high quality materials. Suitable for office use. Available in Addis Ababa, Bole. ",,Home & Kitchen,Furniture,28200,ETB,Awash Furniture,Made in Bahir Dar,Addis Ababa,Bole,No,0,4.8,27,Out of Stock,0,21.47,54x45x5 cm,0,2024-08-16,2025-12-01,Addis Ababa Enterprises,3.2,"Home & Kitchen,Furniture,Addis Ababa,Ethiopian-made"
ETP09239,Ethiopian Running Plus,ዘመናዊ ልብስ,"Athletic wear. Made in Ethiopia with high quality materials. Suitable for home use. Available in Adama, Bishoftu Road. ",ከፍተኛ ጥራት ያለው ኢትዮጵያዊ running,Sports,Running,2100,ETB,Nike Ethiopia,Made in Dire Dawa,Adama,Bishoftu Road,No,0,3.8,313,Low Stock,157,38.55,15x81x25 cm,12,2025-02-26,2025-12-16,Adama Store,4.9,"Sports,Running,Adama,Ethiopian-made"
ETP01057,Ethiopian Spices Elite,ባህላዊ ጠረጴዛ,"Berbere spice. Made in Ethiopia with high quality materials. Suitable for commercial use. Available in Addis Ababa, Bole. Perfect for dry season. ",ከፍተኛ ጥራት ያለው ኢትዮጵያዊ spices,Food & Beverages,Spices,1300,ETB,Sheba Honey,Made in Dire Dawa,Addis Ababa,Bole,Yes,3,4.8,334,In Stock,545,10.39,41x77x10 cm,24,2024-11-08,2025-12-09,Addis Ababa Trading,3.8,"Food & Beverages,Spices,Addis Ababa,Ethiopian-made"
ETP03155,Ethiopian Tea & Coffee Plus,,"Ethiopian coffee beans. Made in Ethiopia with high quality materials. Suitable for office use. Available in Jimma, Main Market. Perfect for Ethiopian New Year. ",ከፍተኛ ጥራት ያለው ኢትዮጵያዊ tea & coffee,Food & Beverages,Tea & Coffee,600,ETB,Sheba Honey,Made in Bahir Dar,Jimma,Main Market,Yes,6,5.0,81,In Stock,424,2.77,63x13x17 cm,12,2024-05-26,2025-11-22,Jimma Store,4.4,"Food & Beverages,Tea & Coffee,Jimma,Ethiopian-made"
ETP03788,Ethiopian Football Premium,ሰላም ሻይ,"Team jerseys. Made in Ethiopia with high quality materials. Suitable for office use. Available in Adama, Bishoftu Road. ",,Sports,Football,800,ETB,Adidas Ethiopia,Made in Bahir Dar,Adama,Bishoftu Road,Yes,1,3.9,287,In Stock,44,24.67,68x51x9 cm,0,2024-02-12,2025-11-28,Adama Trading,4.4,"Sports,Football,Adama,Ethiopian-made"
ETP09190,Ethiopian Laptops Elite,ማርያም ልብስ,"Student laptops. Made in Ethiopia with high quality materials. Suitable for commercial use. Available in Hawassa, Lake Side. ",ከፍተኛ ጥራት ያለው ኢትዮጵያዊ laptops,Electronics,Laptops,89500,ETB,LG Ethiopia,Made in Bahir Dar,Hawassa,Lake Side,No,0,3.6,192,Low Stock,856,37.12,51x90x46 cm,24,2024-05-29,2025-11-30,Hawassa Shop,3.2,"Electronics,Laptops,Hawassa,Ethiopian-made"
ETP07826,ማርያም ሻይ ፕሮ,,"Hats and caps. Made in Ethiopia with high quality materials. Suitable for home use. Available in Jimma, Main Market. Perfect for rainy season. ",,Fashion,Accessories,600,ETB,Habesha Wear,Made in Ethiopia,Jimma,Main Market,Yes,5,4.0,472,In Stock,596,7.17,85x92x5 cm,6,2025-11-28,2025-12-13,Jimma Store,4.3,"Fashion,Accessories,Jimma,Ethiopian-made"
ETP07540,ሃይለ ሻይ ስፔሻል,ሰላም ጠረጴዛ,"Children's books. Made in Ethiopia with high quality materials. Suitable for office use. Available in Dire Dawa, Kezira. ",ከፍተኛ ጥራት ያለው ኢትዮጵያዊ fiction,Books,Fiction,450,ETB,EPHI Press,Made in Addis Ababa,Dire Dawa,Kezira,No,0,4.1,22,Low Stock,779,48.03,85x32x12 cm,24,2024-08-30,2025-12-14,Dire Dawa Enterprises,4.4,"Books,Fiction,Dire Dawa,Ethiopian-made"
ETP07232,Ethiopian Accessories Standard,,"Traditional jewelry. Made in Ethiopia with high quality materials. Suitable for home use. Available in Jimma, Main Market. Perfect for holiday season. ",ከፍተኛ ጥራት ያለው ኢትዮጵያዊ accessories,Fashion,Accessories,8900,ETB,Meskel Square Designs,Made in Ethiopia,Jimma,Main Market,No,0,3.5,410,Low Stock,837,30.31,23x77x50 cm,12,2024-03-22,2025-11-21,Jimma Store,4.5,"Fashion,Accessories,Jimma,Ethiopian-made"
